Series Name,Series Code,Country Name,Country Code,1990 [YR1990],2000 [YR2000],2015 [YR2015],2016 [YR2016],2017 [YR2017],2018 [YR2018],2019 [YR2019],2020 [YR2020],2021 [YR2021],2022 [YR2022],2023 [YR2023],2024 [YR2024]
GDP (constant 2015 US$),NY.GDP.MKTP.KD,Afghanistan,AFG,..,6206547590.07403,19134221644.7325,19566715174.1633,20084646751.4954,20323499020.3639,21118473702.3471,20621957125.2077,16345202562.5485,15325233810.1388,15740683549.2312,..
GDP (constant 2015 US$),NY.GDP.MKTP.KD,Albania,ALB,5279160805.75993,6057218861.96683,11386853113.0189,11764325094.2129,12211675169.6845,12702504600.374,12964502337.0284,12534895529.6924,13659219676.8332,14318507636.8055,14882173624.9218,..
GDP (constant 2015 US$),NY.GDP.MKTP.KD,Algeria,DZA,91497228539.4122,109811551032.207,187493855609.345,194806115978.109,197728207717.781,200496402625.83,202300870249.462,192185826736.989,199488888152.994,206670488126.502,215143978139.689,..
GDP (constant 2015 US$),NY.GDP.MKTP.KD,American Samoa,ASM,..,..,673000000,661697709.923664,615461068.70229,631900763.358779,628818320.610687,656560305.343511,651422900.763359,662725190.839695,..,..
GDP (constant 2015 US$),NY.GDP.MKTP.KD,Andorra,AND,1638036096.1623,2240766094.41807,2789881258.50362,2893376871.7235,2903390035.7376,2949518094.67896,3008967036.98289,2672445970.88657,2893905656.78942,3170696511.92972,3252613194.16191,..
GDP (constant 2015 US$),NY.GDP.MKTP.KD,Angola,AGO,27672785864.6311,31304495193.7788,90496420506.5957,88161567931.4379,88031782694.3787,86872966032.8735,86262880684.9456,81399194250.7301,82375341952.5616,84883445838.1604,85733374749.9794,..
GDP (constant 2015 US$),NY.GDP.MKTP.KD,Antigua and Barbuda,ATG,830215153.179637,1195469164.08273,1437755555.55556,1496700162.35408,1533568876.84089,1640200774.69966,1691054300.06629,1371776497.48049,1484148566.07947,1625386015.56633,1688158621.57823,..
GDP (constant 2015 US$),NY.GDP.MKTP.KD,Argentina,ARG,265817211205.311,395646066535.875,594749285413.212,582376550428.09,598790850843.677,583118120294.002,571450737224.442,514874343768.066,568636554720.066,598603016935.287,588959512629.692,..
GDP (constant 2015 US$),NY.GDP.MKTP.KD,Armenia,ARM,5839777093.95123,3959424772.65728,10553337518.414,10574444193.4325,11367527508.1135,11958638938.496,12867495497.6469,11941035821.9185,12633615899.6682,14225451502.9981,15406163977.6894,..
GDP (constant 2015 US$),NY.GDP.MKTP.KD,Aruba,ABW,1669818678.8499,2735726915.78639,2962907262.56983,3013858155.98809,3226290954.32065,3303627899.75438,3229876376.13191,2383266968.91162,2958411905.44105,3210407008.76028,3347289755.67821,..
GDP (constant 2015 US$),NY.GDP.MKTP.KD,Australia,AUS,629466776079.67,872651653770.258,1351296372254.31,1388583854795.63,1420237898460.73,1461119016244.31,1492847874023.89,1491062566266.52,1522541404227.63,1587133480804.53,1641762491418.85,..
GDP (constant 2015 US$),NY.GDP.MKTP.KD,Austria,AUT,239296977562.902,309014799991.68,379546097300.633,387581921933.047,396388752620.721,406235924727.366,413365269561.549,387247796564.086,405817602863.188,427236226636.132,423156281454.21,..
GDP (constant 2015 US$),NY.GDP.MKTP.KD,Azerbaijan,AZE,20240091907.5767,11918436828.1641,53076235354.746,51430872122.2426,51533733835.093,52306739842.6194,53614408373.9591,51308988759.0274,54190732985.9123,56745718946.4579,57383526259.1424,..
GDP (constant 2015 US$),NY.GDP.MKTP.KD,"Bahamas, The",BHS,8557995783.83521,10506335029.8288,11671900000,11559626969.4738,11883240881.123,12195757028.0878,12030228260.9362,9452936752.71722,10908986680.2055,12085195064.0679,12404130127.1916,..
GDP (constant 2015 US$),NY.GDP.MKTP.KD,Bahrain,BHR,9444382363.28062,16199664042.0741,32523297872.3404,33764059498.7261,35436675410.8102,36164044588.1584,36906448210.9064,34724774104.3146,36235315986.0804,38402659963.6336,39547363674.0058,..
GDP (constant 2015 US$),NY.GDP.MKTP.KD,Bangladesh,BGD,52852405164.9835,83492876905.7611,195146608978.131,209028320490.615,222803809377.443,239111739541.452,257958323968.613,266852772253.895,285368829855.224,305629528154.311,323279976841.364,..
GDP (constant 2015 US$),NY.GDP.MKTP.KD,Barbados,BRB,4506291753.62327,5071302645.6655,5288057750,5382816060.91822,5389730072.92036,5326451133.48749,5361210776.86546,4554114648.02364,4542503209.52524,5352561584.79213,5571685827.33474,..
GDP (constant 2015 US$),NY.GDP.MKTP.KD,Belarus,BLR,29435182820.3807,26100365593.8692,56454889146.6088,55028586612.0854,56422011402.6863,58198852028.1251,59040672510.7894,58643480548.472,60073714183.7453,57275242735.7789,59501097357.3809,..
GDP (constant 2015 US$),NY.GDP.MKTP.KD,Belgium,BEL,295130312407.396,367797580691.145,461044767544.531,466547349016.531,473426438780.183,482317238512.932,494099718421.514,470417598481.151,499595504127.06,520745539238.467,527263714444.414,..
GDP (constant 2015 US$),NY.GDP.MKTP.KD,Belize,BLZ,752750268.212297,1363484410.72849,2193050000,2194246345.03921,2154467872.48551,2178394773.26969,2271360752.35822,1955575509.71701,2302615266.50756,2524886205.2506,2553897572.45142,..
GDP (constant 2015 US$),NY.GDP.MKTP.KD,Benin,BEN,3958255490.52122,6219354272.83818,11388160997.1089,11768488383.6733,12435945493.1089,13268812303.0524,14179807375.1016,14725558723.7319,15779238957.7761,16765953415.3733,17831064526.9239,..
GDP (constant 2015 US$),NY.GDP.MKTP.KD,Bermuda,BMU,5127916036.27965,6739895068.97791,6654541000,6610806937.02849,6849550930.14215,6819905984.64909,6840793088.0543,6372686534.51154,6718028461.70344,7150073873.98764,7143293917.04073,..
GDP (constant 2015 US$),NY.GDP.MKTP.KD,Bhutan,BTN,478896647.41269,751822818.858646,2187815803.82922,2373253832.0828,2422779967.13104,2507622616.47827,2651940022.03121,2380954251.57499,2486224986.71556,2615853471.01817,..,..
GDP (constant 2015 US$),NY.GDP.MKTP.KD,Bolivia,BOL,11974420919.6569,17334777867.7741,33000198248.1292,34407300577.6622,35850757819.5236,37364958855.7283,38193230057.4451,34855949753.4171,36986126769.1183,38319728286.388,39500728992.5704,..
GDP (constant 2015 US$),NY.GDP.MKTP.KD,Bosnia and Herzegovina,BIH,3519825382.25294,10676417585.1095,16404348871.4437,16936219727.6767,17485647794.2627,18154910824.6593,18679105433.9912,18115912632.4361,19454671753.5435,20276983961.3676,20725333315.9436,..
GDP (constant 2015 US$),NY.GDP.MKTP.KD,Botswana,BWA,5274313873.08845,8491986059.02571,13530748844.505,14505561464.3559,15102373014.4202,15734874525.0984,16211987795.536,14796883501.255,16560766198.0276,17469294498.1394,17946869751.4987,..
GDP (constant 2015 US$),NY.GDP.MKTP.KD,Brazil,BRA,917211118074.905,1186419100699.97,1802212206904.68,1743173232503.86,1766233131755.03,1797736845059.11,1819683217790.43,1760056587883.53,1843881120012.46,1899505377653.06,1954752120905.5,..
GDP (constant 2015 US$),NY.GDP.MKTP.KD,British Virgin Islands,VGB,..,..,..,..,..,..,..,..,..,..,..,..
GDP (constant 2015 US$),NY.GDP.MKTP.KD,Brunei Darussalam,BRN,11278756570.9584,12244033124.2164,12930296852.4882,12609894729.6867,12777445744.2444,12784137427.3154,13278735782.1319,13429259999.6183,13215632370.1015,13000438059.9791,13183363105.8086,..
GDP (constant 2015 US$),NY.GDP.MKTP.KD,Bulgaria,BGR,38630990671.2382,30403689510.6865,50811995688.6771,52349886250.8068,53787375622.383,55158665587.1604,57248544889.4673,55407582000.7787,59718632534.0491,62130535277.7185,63302823436.9332,..
GDP (constant 2015 US$),NY.GDP.MKTP.KD,Burkina Faso,BFA,3042310107.50399,5107828181.20084,11832159315.6298,12537116611.6541,13314855313.1302,14194244128.6065,15030172259.3791,15332394848.5201,16396850182.5889,16642350339.7932,17134994111.3648,..
GDP (constant 2015 US$),NY.GDP.MKTP.KD,Burundi,BDI,2385838991.89422,1955416620.30264,3104003546.26497,3085379496.76838,3100806433.20295,3150727414.31633,3207836406.88248,3218331064.79216,3318099327.75908,3379450965.7308,3470696161.98259,..
GDP (constant 2015 US$),NY.GDP.MKTP.KD,Cabo Verde,CPV,313527702.860333,923550525.289887,1749857620.35329,1824764034.95256,1907814790.72833,1978536809.33193,2116002110.92756,1675762033.71886,1793627260.88123,2077803747.08658,2191572559.72877,..
GDP (constant 2015 US$),NY.GDP.MKTP.KD,Cambodia,KHM,6077176596.90233,7459479704.67578,24174170369.0738,26085259688.3373,28191654621.9478,30665817313.8491,33099747942.811,31922812945.0881,32909177695.673,34588654431.0863,36304274723.1727,..
GDP (constant 2015 US$),NY.GDP.MKTP.KD,Cameroon,CMR,15416689237.8441,17168567484.5749,32210233020.4569,33671222913.4548,34863580363.1151,36242614248.5756,37502066832.7403,37599547048.5841,38854942334.5769,40306867605.1364,41616173714.8732,..
GDP (constant 2015 US$),NY.GDP.MKTP.KD,Canada,CAN,877824201432.118,1163199674646.76,1556508816217.14,1572673953080.04,1620386284372.81,1664832887596.13,1696605089927.38,1611126164920.14,1696305710720.04,1761102321572.64,1783097209318.73,..
GDP (constant 2015 US$),NY.GDP.MKTP.KD,Cayman Islands,CYM,..,..,4708167232.66893,4860710642.84257,5015477901.91161,5229501758.00703,5434269977.07991,5165012420.04968,5418352633.41053,5697740750.963,5946143784.57514,..
GDP (constant 2015 US$),NY.GDP.MKTP.KD,Central African Republic,CAF,1492780724.87637,1675850364.88825,1695825714.19282,1776382808.69192,1856804600.57752,1927167163.54408,1986909345.61394,2004791529.66202,2024497026.49048,2034662228.57957,2052368906.14354,..
GDP (constant 2015 US$),NY.GDP.MKTP.KD,Chad,TCD,2501264393.60972,3133116396.56012,10950392256.9543,10265387503.3572,9958586279.1443,10195006881.7944,10526057301.7412,10357639675.7671,10236539498.7594,10523606947.1486,10957423661.0644,..
GDP (constant 2015 US$),NY.GDP.MKTP.KD,Channel Islands,CHI,..,..,10109968846.9524,10232605257.3047,10417455245.2863,10534364582.7133,10700107551.228,9748142573.66108,10716796137.8499,11289283297.0564,11708680810.584,..
GDP (constant 2015 US$),NY.GDP.MKTP.KD,Chile,CHL,71788871549.5837,131243743560.348,242450355827.827,246700604504.172,250050047208.954,260027117795.385,261676645409.828,245600606661.894,273436873982.626,279066228503.412,279676771459.229,..
GDP (constant 2015 US$),NY.GDP.MKTP.KD,China,CHN,1027379269906.5,2770112908903.6,11061572618578.7,11819153423353.8,12640253743744.4,13493442283300.8,14296369668065.2,14616413683019.5,15851276922873.1,16318995784492.7,17175670911003.5,..
GDP (constant 2015 US$),NY.GDP.MKTP.KD,Colombia,COL,120488417446.261,157016818928.93,293492370193.166,299618678572.191,303691577641.583,311479214511.795,321405606655.842,298309675728.093,330530695024.886,354622693594.661,356787344438.831,..
GDP (constant 2015 US$),NY.GDP.MKTP.KD,Comoros,COM,529042761.730169,645253637.219987,966029600.862227,998106097.535826,1036191459.47692,1073934227.08421,1092843848.73706,1090706717.98077,1112522619.16897,1141481697.75024,1175676774.71104,..
GDP (constant 2015 US$),NY.GDP.MKTP.KD,"Congo, Dem. Rep.",COD,29404734879.0512,16528062516.7262,37917706497.1793,38827503534.0756,40274584268.021,42619016590.6593,44487659679.0188,45259708653.5116,48065880294.8504,52355494607.5628,56837576516.8446,..
GDP (constant 2015 US$),NY.GDP.MKTP.KD,"Congo, Rep.",COG,5627089212.71733,6482377234.59307,12434793867.3568,11354801748.8219,10719526284.7166,10472514332.3273,10590275024.738,9926500702.40064,10027261669.7995,10175199489.7639,10369226732.5707,..
GDP (constant 2015 US$),NY.GDP.MKTP.KD,Costa Rica,CRI,18845898693.2498,30425018574.4757,56441920820.5194,58814921621.3159,61260269007.514,62862779082.5908,64382494195.8,61631202097.7205,66522107766.4296,69549856033.0247,73105190307.8725,..
GDP (constant 2015 US$),NY.GDP.MKTP.KD,Cote d'Ivoire,CIV,22747083497.3228,30406072178.2268,45815005169.2651,49101205368.91,52739979047.0655,55294253263.7438,59010785540.9857,59423700880.6615,63620992438.4818,67576850897.4936,71766615653.1294,..
GDP (constant 2015 US$),NY.GDP.MKTP.KD,Croatia,HRV,46596559830.5556,39678365282.2696,51005200669.6941,52770556703.1252,54501936568.9879,56085044234.0737,57823926882.8566,53017808755.2998,59714859477.6201,64066840476.8464,66182676637.3453,..
GDP (constant 2015 US$),NY.GDP.MKTP.KD,Cuba,CUB,52749217702.7609,45683563278.5995,87132800000,87579654548.8907,89164663930.9702,91169039692.7712,91020354637.1474,81054459000.2587,82070633423.4249,83527267339.326,81916032940.857,..
GDP (constant 2015 US$),NY.GDP.MKTP.KD,Curacao,CUW,..,2881155239.82198,3058779217.87709,3026120372.58291,2987500779.24655,2924640436.8364,2830872598.16815,2308902993.49337,2405500843.49665,2571624731.74853,2679684402.9766,..
GDP (constant 2015 US$),NY.GDP.MKTP.KD,Cyprus,CYP,9942000737.51347,15534917800.5961,19909278416.8575,21218032952.0546,22438246478.4654,23845498646.5325,25246562673.7657,24433463207.6976,27215888177.2701,29220507767.0398,29983718475.0646,..
GDP (constant 2015 US$),NY.GDP.MKTP.KD,Czechia,CZE,122972963910.768,128638858397.276,189107698561.919,193988322699.324,204024435225.367,209798950840.998,217279912678.49,205753475034.301,214043320209.36,220137498815.997,219949654880.837,..
GDP (constant 2015 US$),NY.GDP.MKTP.KD,Denmark,DNK,202073829809.271,263066798839.571,301758922337.637,311032111245.335,320538736946.88,326500781458.764,332088518914.51,326176991303.13,350255593023.122,355650135472.963,364524261928.203,..
GDP (constant 2015 US$),NY.GDP.MKTP.KD,Djibouti,DJI,..,..,2424391785.43897,2597091693.86547,2738843335.30256,2869607134.04835,3028730597.33671,3068599693.60668,3207372442.69767,3326961776.90297,3549091358.52375,..
GDP (constant 2015 US$),NY.GDP.MKTP.KD,Dominica,DMA,349473877.455821,427263049.065191,540737037.037037,555681105.24744,518900602.715599,537309039.644082,566874380.554411,472749937.548637,505325005.612993,533540061.078087,558681739.570186,..
GDP (constant 2015 US$),NY.GDP.MKTP.KD,Dominican Republic,DOM,19981325537.0055,35659263104.8034,71164826836.5281,75903835172.1732,79446042998.4211,84993384865.6436,89287393475.0793,83287066903.7897,93508047621.0655,98050971574.0699,100365578190.532,..
GDP (constant 2015 US$),NY.GDP.MKTP.KD,Ecuador,ECU,41053840192.2984,50165491738.8835,97209558000,96540800718.3398,102304671535.156,103373034664.296,103544017315.435,93971273121.5556,103197765280.136,109581722560.167,112162610913.166,..
GDP (constant 2015 US$),NY.GDP.MKTP.KD,"Egypt, Arab Rep.",EGY,115166183182.723,179683172290.026,329366576819.407,343682967575.512,358053111989.023,377141312302.669,398080548973.052,412213064649.087,425777537421.996,453827104224.605,470885106095.168,..
GDP (constant 2015 US$),NY.GDP.MKTP.KD,El Salvador,SLV,12679661440.9982,17621447036.1716,23438240000,24033351541.724,24573529736.8617,25166352435.5773,25779775126.5993,23744951345.511,26571731219.3539,27315620697.1628,28274665875.3002,..
GDP (constant 2015 US$),NY.GDP.MKTP.KD,Equatorial Guinea,GNQ,173733397.99699,2699948863.55525,13185496881.0174,12023008461.8485,11341603434.7324,10634279338.5817,10051326714.9325,9569759527.14748,9652085293.25754,9963221065.40967,9456161986.86363,..
GDP (constant 2015 US$),NY.GDP.MKTP.KD,Eritrea,ERI,..,1899038769.45137,..,..,..,..,..,..,..,..,..,..
GDP (constant 2015 US$),NY.GDP.MKTP.KD,Estonia,EST,14658007987.3353,13979306555.9168,23311847750.9394,24032886893.1699,25387061799.8453,26326305513.7363,27307395615.8101,26519902198.9957,28417254674.457,28434426605.4652,27574843698.0953,..
GDP (constant 2015 US$),NY.GDP.MKTP.KD,Eswatini,SWZ,1774023133.17655,2373552937.12448,3878174403.5524,4015035098.77479,4114008066.96745,4145651841.8002,4351364120.03953,4225737498.25845,4369384623.38277,4366430077.90613,4585402385.65415,..
GDP (constant 2015 US$),NY.GDP.MKTP.KD,Ethiopia,ETH,13224508680.3701,17352574603.7583,64589328550.5953,70682351658.2336,77442545814.9282,82721144195.2914,89640011587.0442,95071775775.7639,100435279209.681,105779617467.591,112653319434.836,..
GDP (constant 2015 US$),NY.GDP.MKTP.KD,Faroe Islands,FRO,..,..,2573905971.05459,2609591837.86672,2701241060.07126,2775895516.47884,2901879820.04399,2854366727.12733,3011481923.30763,3118570937.35915,3196193980.39855,..
GDP (constant 2015 US$),NY.GDP.MKTP.KD,Fiji,FJI,2640835909.46291,3330747264.7169,4682479912.05203,4796997076.03127,5053797835.53178,5246466346.36038,5215934725.85137,4327208949.46684,4115996320.43426,4930664222.84568,5301661741.40568,..
GDP (constant 2015 US$),NY.GDP.MKTP.KD,Finland,FIN,156033016834.375,196036504105.859,233210733506.25,239208760192.969,247110711000,250058686750.391,253433824963.672,247120696616.016,253878739632.812,257560103403.906,254562199573.437,..
GDP (constant 2015 US$),NY.GDP.MKTP.KD,France,FRA,1630899061497,2025858476369.78,2442483452642.5,2463489569508.32,2514819204022.09,2556210832827.89,2608036639287.32,2413981867221.76,2580120255345.61,2646451031159.26,2671234714330.38,..
GDP (constant 2015 US$),NY.GDP.MKTP.KD,French Polynesia,PYF,5164114972.43613,5414653325.7104,5325846361.81186,5452049984.38591,5690550040.86988,5794802523.94005,5951258396.41142,5531635723.06513,5647511817.96257,5899733908.23199,..,..
GDP (constant 2015 US$),NY.GDP.MKTP.KD,Gabon,GAB,8218372646.58668,9689372094.82624,14383107762.6952,14683922149.3088,14753324537.1727,14876945089.6921,15460241661.1259,15176119359.5533,15398898313.8373,15866657481.0928,16254737014.9742,..
GDP (constant 2015 US$),NY.GDP.MKTP.KD,"Gambia, The",GMB,694740031.231163,960226283.311822,1378176608.93204,1404959537.12175,1472715273.80675,1579264608.77791,1677527292.27233,1687449652.95674,1776141480.03218,1873704900.09444,1963596060.40794,..
GDP (constant 2015 US$),NY.GDP.MKTP.KD,Georgia,GEO,16970422995.7282,6365211520.66238,15223796148.8396,15749049874.5344,16561685511.0983,17565660917.3341,18510819818.4957,17346401920.57,19192793472.268,21296041913.2144,22963990766.7474,..
GDP (constant 2015 US$),NY.GDP.MKTP.KD,Germany,DEU,2362949197161.71,2884562510841.22,3423568450957.03,3502129441730.16,3597248136065.74,3637409365003.91,3673343090202.78,3522914640155.8,3652205602572.65,3702230996916.9,3692366831510.82,..
GDP (constant 2015 US$),NY.GDP.MKTP.KD,Ghana,GHA,13167340507.2804,20062001962.2277,49406010054.2663,51072704881.7252,55224351374.4489,58648304058.6438,62465003607.231,62786037290.3279,65973349399.4486,68491885061.4641,70508824388.0172,..
GDP (constant 2015 US$),NY.GDP.MKTP.KD,Gibraltar,GIB,..,..,..,..,..,..,..,..,..,..,..,..
GDP (constant 2015 US$),NY.GDP.MKTP.KD,Greece,GRC,157426167819.385,194535951163.524,194567373678.099,194505510567.857,197370819841.305,201445880947.483,206033167541.336,187085880547.56,203277224063.029,214952754695.546,219965719224.042,..
GDP (constant 2015 US$),NY.GDP.MKTP.KD,Greenland,GRL,1490388563.1779,1776741578.35367,2499113022.81675,2616120347.69515,2617499780.41644,2633808516.64035,2708402650.63237,2713483852.17536,2748493505.41834,..,..,..
GDP (constant 2015 US$),NY.GDP.MKTP.KD,Grenada,GRD,510049757.237171,717463922.03278,997007407.407407,1034291535.85512,1080200382.60863,1127312678.42806,1134939081.03144,978809798.804488,1024691294.44286,1099706286.21882,1138923226.80272,..
GDP (constant 2015 US$),NY.GDP.MKTP.KD,Guam,GUM,..,..,5799000000,5809553230.20928,5861264058.23476,5812719199.27207,5959409099.18107,5332547224.74977,5442300818.9263,5719850773.43039,..,..
GDP (constant 2015 US$),NY.GDP.MKTP.KD,Guatemala,GTM,24741758600.2768,37033784129.5252,62186064718.7424,63851284748.839,65817809494.3628,68060138938.4754,70794725855.0224,69530649250.79,75116232449.1983,78271231309.9524,81031694944.9788,..
GDP (constant 2015 US$),NY.GDP.MKTP.KD,Guinea,GIN,3528427545.98221,5176459579.46449,8794201742.84609,9745789528.35549,10749606370.4679,11433119223.7578,12075307751.6835,12643401588.6985,13349198344.073,13879482945.938,14815644972.1281,..
GDP (constant 2015 US$),NY.GDP.MKTP.KD,Guinea-Bissau,GNB,554182863.783592,705153195.39567,1152384166.79638,1213536542.70894,1271652706.03289,1319485332.4773,1392722780.6646,1413547808.38589,1500942899.13729,1570073804.59512,1651706154.16341,..
GDP (constant 2015 US$),NY.GDP.MKTP.KD,Guyana,GUY,1782661480.13403,2875468427.07822,4279840193.7046,4442793237.23993,4608708975.07815,4813377725.77348,5071030135.73162,7275896377.20418,8735443232.30197,14268000140.0066,19090957594.0449,..
GDP (constant 2015 US$),NY.GDP.MKTP.KD,Haiti,HTI,11154318515.4634,11150259169.2375,14849629308.6025,15118774099.5928,15498296353.5977,15756778637.9976,15485274058.243,14973407477.2561,14704149691.2104,14456828250.6294,14187369712.6764,..
GDP (constant 2015 US$),NY.GDP.MKTP.KD,Honduras,HND,8615404668.15174,11770779974.6587,20979791685.416,21796529142.7732,22852116284.6356,23730778960.5382,24338200129.3672,22156260473.8169,24940257609.6892,25973672631.7766,26904206369.3728,..
GDP (constant 2015 US$),NY.GDP.MKTP.KD,"Hong Kong SAR, China",HKG,121833074614.457,179510301393.921,309385622601.348,316116094447.437,328116190362.994,337457421078.426,331813812733.896,310097369914.178,330112320112.002,317952397986.884,328370191789.519,..
GDP (constant 2015 US$),NY.GDP.MKTP.KD,Hungary,HUN,89359792060.7738,91568886542.0243,125174166987.372,127929252772.234,133394359768.376,140547430034.099,147383974295.866,140770787502.349,150710923361.943,157618619387.289,156187937314.849,..
GDP (constant 2015 US$),NY.GDP.MKTP.KD,Iceland,ISL,9025210435.70435,11859726687.7669,17517210519.0912,18621440660.0019,19402600566.9271,20351227274.147,20729999827.2907,19291243912.7068,20304846331.8777,22130761184.0171,23245527336.2072,..
GDP (constant 2015 US$),NY.GDP.MKTP.KD,India,IND,465242841648.51,800534479623.61,2103588360044.94,2277267041550.36,2432016068497.75,2588974770244.57,2689205295885.31,2533830417086.54,2779348258938.77,2973542414790.52,3215973434046.11,..
GDP (constant 2015 US$),NY.GDP.MKTP.KD,Indonesia,IDN,269915108922.485,395012382612.012,860854232717.718,904181621813.478,950021694198.768,999178586345.587,1049330234035.85,1027656193922.98,1065709127435.86,1122270779856.21,1178924195856.71,..
GDP (constant 2015 US$),NY.GDP.MKTP.KD,"Iran, Islamic Rep.",IRN,188112392401.369,258056537599.93,409191686496.677,445262288195.34,457544871772.728,449135162389.142,435344072056.544,449842285446.341,471073841462.031,488864564083.075,513527246086.276,..
GDP (constant 2015 US$),NY.GDP.MKTP.KD,Iraq,IRQ,62001516291.8778,101916218527.399,166774104959.102,189767872908.426,186314571374.742,191221819559.378,201765390224.362,177479307669.569,180145367592.813,193908133926.674,188215848693.258,..
GDP (constant 2015 US$),NY.GDP.MKTP.KD,Ireland,IRL,82512722864.4398,162266448871.098,302391428540.035,306088582898.588,336849348481.597,362262415044.573,380522434249.483,407759845120.691,474043708510.292,514903922802.965,486429697970.113,..
GDP (constant 2015 US$),NY.GDP.MKTP.KD,Isle of Man,IMN,1932573079.00908,3501118028.55419,7084800892.22284,7577357763.77277,7792384795.57871,7964861187.42612,7985161928.93659,7279527750.17696,7558904135.25498,..,..,..
GDP (constant 2015 US$),NY.GDP.MKTP.KD,Israel,ISR,103952624561.519,184596462844.647,302722655203.465,315943412203.594,329445006817.89,342868164572.703,355846209596.501,350634465931.993,383397426954.248,408204664808.542,418095492045.796,..
GDP (constant 2015 US$),NY.GDP.MKTP.KD,Italy,ITA,1566879171365.36,1856863206832.4,1845428048839.1,1868241619898.42,1898202609756.92,1913894038939.75,1922107755102.45,1751650987476.49,1908092024347.85,1997042745688.22,2010974774790.36,..
GDP (constant 2015 US$),NY.GDP.MKTP.KD,Jamaica,JAM,10772517032.2001,12852232022.9367,14188936958.4343,14384066492.0877,14527493336.382,14802051873.2326,14934129346.6919,13452615560.5656,14071627509.4333,14806380332.6868,15132129801.7169,..
GDP (constant 2015 US$),NY.GDP.MKTP.KD,Japan,JPN,3509518031571.16,3986755544464.21,4444930651964.18,4478437728055.55,4553466417292.21,4582763011477.35,4564332550094.45,4375044252274.51,4487015645273.13,4529854841042.58,4605911988191.95,..
GDP (constant 2015 US$),NY.GDP.MKTP.KD,Jordan,JOR,11598569492.0435,18380669691.8022,38587017887.3239,39356512808.3494,40330034782.8485,41103996749.7366,41823826702.478,41362613665.9359,42874682706.305,44009762561.5966,45188463506.0246,..
GDP (constant 2015 US$),NY.GDP.MKTP.KD,Kazakhstan,KAZ,95326487409.9576,66179326672.5077,184388404706.042,186416677156.152,194059760924.352,202016211108.857,211106940610.612,205829267103.2,214679925583.069,221549683201.099,232848717043.771,..
GDP (constant 2015 US$),NY.GDP.MKTP.KD,Kenya,KEN,30431959354.312,36630908098.8264,70120446896.8359,73074983895.0953,75879571212.3885,80165208728.3956,84264984851.3549,84035138346.859,90413816676.9795,94807911027.625,100075318170.786,..
GDP (constant 2015 US$),NY.GDP.MKTP.KD,Kiribati,KIR,103872759.136314,137844755.755561,191559398.175292,205137185.020505,212828044.805228,220233266.373554,227422251.262382,226144100.8008,245417596.374769,255002019.364619,265519808.540098,..
GDP (constant 2015 US$),NY.GDP.MKTP.KD,"Korea, Dem. People's Rep.",PRK,..,..,..,..,..,..,..,..,..,..,..,..
GDP (constant 2015 US$),NY.GDP.MKTP.KD,"Korea, Rep.",KOR,401560542993.627,798929132744.302,1466038936206.43,1509241369553.54,1556927899270.75,1602194079769.04,1638146960195.06,1626525694049.93,1696543311942.81,1740868427277.01,1764487367948.7,..
GDP (constant 2015 US$),NY.GDP.MKTP.KD,Kosovo,XKX,..,..,6295848422.71573,6646638934.14947,6967382841.60846,7204735953.90435,7547450874.83231,7144396206.5298,7912108452.01596,8250627929.71309,8586232700.23679,..
GDP (constant 2015 US$),NY.GDP.MKTP.KD,Kuwait,KWT,33933574483.5005,61264446307.3183,114585555830.916,117938413874.778,112380894485.055,115463873883.03,118077764579.78,112389452571.326,114930360168.746,121664370029.182,117235268788.392,..
GDP (constant 2015 US$),NY.GDP.MKTP.KD,Kyrgyz Republic,KGZ,5284729934.9621,3518703233.18908,6678177511.66313,6967733666.77765,7297999868.50301,7572252145.25549,7920623120.2686,7354379549.41978,7759385792.10421,8455209116.53133,8975322159.94048,..
GDP (constant 2015 US$),NY.GDP.MKTP.KD,Lao PDR,LAO,2736044527.0661,4981659930.07599,14426380125.6488,15439521179.3987,16503694943.2856,17534839203.1116,18491844275.7106,18584864138.19,19054754737.3799,19570648221.6862,20303702352.295,..
GDP (constant 2015 US$),NY.GDP.MKTP.KD,Latvia,LVA,20300396971.9869,15001703822.9086,26344565876.8902,27016796437.5492,27935083671.9621,29139005014.4504,29335802644.3992,28318076426.6769,30285399223.0726,30834377325.2508,31360657012.7125,..
GDP (constant 2015 US$),NY.GDP.MKTP.KD,Lebanon,LBN,9896526025.77854,25798443405.5655,49929337836.8159,50705514062.8608,51163399287.7034,50199119756.2008,46727888410.6848,36728167162.8739,34156740537.1604,33944395264.1769,..,..
GDP (constant 2015 US$),NY.GDP.MKTP.KD,Lesotho,LSO,966060902.402024,1453365294.1512,2359686724.53829,2444845631.39553,2368122098.53455,2333058897.5103,2299976266.27346,2112391149.60613,2160272945.18777,2211855514.87917,2252257826.396,..
GDP (constant 2015 US$),NY.GDP.MKTP.KD,Liberia,LBR,1676942910.41919,2210291803.5902,3227075700,3176896008.31,3254893758.73415,3292571599.13518,3211334057.92828,3115556299.79146,3270920145.66908,3428189426.39464,3588757484.77383,..
GDP (constant 2015 US$),NY.GDP.MKTP.KD,Libya,LBY,49279670598.2636,57579668503.4421,48717501321.3052,47991152062.8031,63584342257.9606,68633808773.5188,60949510655.8708,42996651437.748,55179091532.8781,50625917039.5711,55767393124.5653,..
GDP (constant 2015 US$),NY.GDP.MKTP.KD,Liechtenstein,LIE,..,..,6268515276.17441,..,..,..,..,..,..,..,..,..
GDP (constant 2015 US$),NY.GDP.MKTP.KD,Lithuania,LTU,30815380275.5025,22342117951.3527,41540954817.2039,42650895979.8047,44618059006.3441,46812540143.4277,49002127219.1508,49023106998.3996,52150789442.1719,53474128766.591,53657150684.4898,..
GDP (constant 2015 US$),NY.GDP.MKTP.KD,Luxembourg,LUX,25212438894.5285,40369840661.3785,60071584216.1375,63062062076.8293,63892707778.4988,64671765568.8058,66557495896.7378,65951935965.6765,70679635853.8902,71655146215.6371,70870003856.6378,..
GDP (constant 2015 US$),NY.GDP.MKTP.KD,"Macao SAR, China",MAC,10507335800.878,13677257382.818,45048190598.3249,44742259638.202,49153900999.4643,52302387928.1473,50961633173.3488,23271041384.4531,28748111098.7847,23110797292.1894,40458079958.3397,..
GDP (constant 2015 US$),NY.GDP.MKTP.KD,Madagascar,MDG,6492398920.48671,7688842733.27739,11323020701.3017,11775165456.5346,12238318933.7165,12629254472.2012,13186360203.1442,12245161113.1284,12947986307.5875,13465905759.7223,13977610178.6045,..
GDP (constant 2015 US$),NY.GDP.MKTP.KD,Malawi,MWI,3377048507.11464,4736773940.22414,9219474379.31534,9449961238.70793,9827959688.29237,10255826273.6034,10842133933.6548,10928176721.465,11426314939.8368,11531564448.5797,11749794461.0779,..
GDP (constant 2015 US$),NY.GDP.MKTP.KD,Malaysia,MYS,74627553679.509,148271359064.948,301355266964.947,314764917575.088,333061328477.268,349191778300.005,364602265936.14,344706479641.244,356134704342.139,387694727478.777,401479163711.428,..
GDP (constant 2015 US$),NY.GDP.MKTP.KD,Maldives,MDV,1031716819.83695,1988057617.6931,4129505319.12921,4400906157.06973,4711369798.88163,5119751627.13987,5493408290.20633,3685591962.05463,5067979008.49449,5768682322.98336,6041332856.45728,..
GDP (constant 2015 US$),NY.GDP.MKTP.KD,Mali,MLI,4198817500.53154,6257621170.98229,13104764378.326,13871694399.1238,14607651053.629,15301000921.4682,16028741130.4821,15830713976.5248,16313964499.5084,16880866888.027,17666971044.33,..
GDP (constant 2015 US$),NY.GDP.MKTP.KD,Malta,MLT,3565676659.96904,6701025860.88934,11340795041.8065,11803240829.4114,13334371316.2031,14292992142.7162,14876818854.4189,14359895887.8999,16292781700.2476,16968587192.6425,18240978817.4633,..
GDP (constant 2015 US$),NY.GDP.MKTP.KD,Marshall Islands,MHL,140496545,154176500,183700000,188300000,195000000,205700000,227200000,220900000,223600000,221100000,212400000,..
GDP (constant 2015 US$),NY.GDP.MKTP.KD,Mauritania,MRT,2806313536.00188,3409611141.00167,6166863896.68677,6244622452.80308,6636194355.58626,6952885074.44597,7171275534.84383,7145411800.0896,7198481873.57489,7687691068.95683,8187943518.06282,..
GDP (constant 2015 US$),NY.GDP.MKTP.KD,Mauritius,MUS,4034441844.05055,6730791855.59575,12007291045.6489,12471068851.5812,12962177523.4319,13481538349.276,13871328044.4569,11853530018.6947,12257000314.8444,13345407871.3997,14274019706.2322,..
GDP (constant 2015 US$),NY.GDP.MKTP.KD,Mexico,MEX,665614206222.858,945027051117.631,1213294467716.88,1234800030119.7,1257912134612.3,1282719194684.06,1277682077988.06,1170944075658.48,1241768434200.36,1287578651261.79,1328780925599.41,..
GDP (constant 2015 US$),NY.GDP.MKTP.KD,"Micronesia, Fed. Sts.",FSM,243162525.880859,310899125.003711,316489900,318022033.310273,320639498.605008,320639498.605008,333726825.078682,327183161.841845,336344290.373416,333726825.078682,336344290.373416,..
GDP (constant 2015 US$),NY.GDP.MKTP.KD,Moldova,MDA,11137693132.5555,3939281163.91139,7797667196.73087,8159947934.63828,8500675703.95748,8847128857.51461,9161406662.06896,8403210632.93021,9573777856.36482,9093606720.69544,9164831732.38352,..
GDP (constant 2015 US$),NY.GDP.MKTP.KD,Monaco,MCO,3214255640.44724,3909415913.17981,6264756528.37691,6453228194.42908,6246325873.74088,6602235351.40181,7072373236.60927,6136054329.90152,7500235156.94536,8328781591.62882,8748833912.54286,..
GDP (constant 2015 US$),NY.GDP.MKTP.KD,Mongolia,MNG,3826905840.8639,3817248910.66296,11619892590.6941,11793003947.8926,12457761002.7432,13422599720.3616,14174566537.4555,13528524951.0287,13749955731.6936,14441951078.838,15513848972.8704,..
GDP (constant 2015 US$),NY.GDP.MKTP.KD,Montenegro,MNE,..,2680896704.41373,4054730077.57718,4174315433.82382,4371195571.75916,4593160022.61922,4779777587.71771,4048142110.54292,4576160079.60802,4869340027.24234,5177944070.4817,..
GDP (constant 2015 US$),NY.GDP.MKTP.KD,Morocco,MAR,41636515790.1878,56160912155.7573,110413823841.592,110989284688.174,116603009678.139,120177639735.159,123651944968.713,114775951852.213,124135631043.727,126031434844.786,130320714718.834,..
GDP (constant 2015 US$),NY.GDP.MKTP.KD,Mozambique,MOZ,2894534061.64812,5210292403.59676,16208985769.615,16970320249.5828,17418032489.647,18025039081.8692,18442825951.8799,18217911539.7402,18651030677.5113,19465045724.9322,20523332839.0076,..
GDP (constant 2015 US$),NY.GDP.MKTP.KD,Myanmar,MMR,6778227478.72603,13523413252.0523,59607290407.5944,63101751663.2085,66973743448.8725,71172235145.7162,75854734833.5625,68991135073.4698,60700903302.853,63151698289.2596,63756973610.2645,..
GDP (constant 2015 US$),NY.GDP.MKTP.KD,Namibia,NAM,3912561187.29612,5607973667.33031,11335161083.5061,11338991738.8743,11222512162.9739,11341464002.1253,11246291861.588,10335184546.1643,10707646943.9364,11280470086.908,11749736035.6202,..
GDP (constant 2015 US$),NY.GDP.MKTP.KD,Nauru,NRU,199589671.908338,61929807.4873982,84383388.6448573,88065238.8664388,82771434.8199856,81762350.0363199,88701305.315275,90459205.0752441,96978233.3230252,99909532.5822959,100499697.867484,..
GDP (constant 2015 US$),NY.GDP.MKTP.KD,Nepal,NPL,8253520017.23047,13432367221.0195,24360801286.7638,24466311259.2881,26662720369.2492,28695053195.3457,30605298792.5448,29880069318.7261,31325711777.1674,33089761145.0969,33735853500.29,..
GDP (constant 2015 US$),NY.GDP.MKTP.KD,Netherlands,NLD,468115532317.115,647616371115.081,775743675302.734,794549918798.828,816650691068.16,835096710123.568,854304699361.253,821260591753.75,872809728969.262,916513359627.026,917196718601.978,..
GDP (constant 2015 US$),NY.GDP.MKTP.KD,New Caledonia,NCL,..,..,8738203074.3957,..,..,..,..,..,..,..,..,..
GDP (constant 2015 US$),NY.GDP.MKTP.KD,New Zealand,NZL,87877226590.4217,119003047472.934,178104220784.881,184780121689.709,191057624435.572,197743680329.155,202414311267.63,201554239788.002,210717394654.719,216564470789.24,218152542756.614,..
GDP (constant 2015 US$),NY.GDP.MKTP.KD,Nicaragua,NIC,5248474807.17566,7324900195.21078,12756685550.3389,13338767298.6815,13956690226.4274,13487230761.4818,13096501920.7484,12866533516.5017,14193856859.1735,14726450786.5827,15399335188.1835,..
GDP (constant 2015 US$),NY.GDP.MKTP.KD,Niger,NER,3860672838.20896,4522117708.50312,9683867926.44282,10239808436.9433,10752347793.0235,11527744540.163,12212475570.6373,12646096746.8881,12821067681.4111,14346774735.5026,14705444103.8902,..
GDP (constant 2015 US$),NY.GDP.MKTP.KD,Nigeria,NGA,153178750575.315,179675448843.373,493026682800.63,485055087455.82,488964081500.901,498365674277.734,509371727735.743,500232309808.216,518476715283.896,535335926240.996,550647684655.998,..
GDP (constant 2015 US$),NY.GDP.MKTP.KD,North Macedonia,MKD,7293742777.22762,6653275727.54115,10064519962.5655,10351178142.8536,10463154366.0785,10764555646.4726,11185494933.6944,10661068595.4055,11141955229.994,11449348867.2054,11686665220.5256,..
GDP (constant 2015 US$),NY.GDP.MKTP.KD,Northern Mariana Islands,MNP,..,..,910000000,1175830303.0303,1448278787.87879,1165903030.30303,1032436363.63636,732412121.212121,768812121.212121,896763636.363636,..,..
GDP (constant 2015 US$),NY.GDP.MKTP.KD,Norway,NOR,211808370362.716,304696827529.193,388159512245.53,392680500155.007,402355151389.893,405690275911.956,410249333471.117,405005642244.497,420836044228.583,433484840343.081,435564038441.666,..
GDP (constant 2015 US$),NY.GDP.MKTP.KD,Oman,OMN,29333594829.5491,45372727044.5609,78710793237.9714,82682873555.7961,82934277088.5646,84001727416.2074,83053651985.4157,80246670660.8581,82318780120.4001,90202537058.2429,91384587286.8628,..
GDP (constant 2015 US$),NY.GDP.MKTP.KD,Pakistan,PAK,110450553630.166,162552194688.572,299963590534.773,319682711890.74,333853050597.697,354390697428.203,363242090361.647,358614068499.253,381973779235.3,400224894618.857,400066035261.282,..
GDP (constant 2015 US$),NY.GDP.MKTP.KD,Palau,PLW,213364899.128707,232062084.916123,278824781.25,277597952.2125,268548258.970373,268843662.05524,269381349.37935,253220015.052904,218291129.848716,215413072.557436,219456526.283737,..
GDP (constant 2015 US$),NY.GDP.MKTP.KD,Panama,PAN,13096161185.8644,20639538981.1271,55767806100,58317491835.7804,61667283244.4831,64083529548.7943,66072084974.6328,54297226765.6596,63238418924.7981,70048985344.8611,75232121007.6293,..
GDP (constant 2015 US$),NY.GDP.MKTP.KD,Papua New Guinea,PNG,7373337464.29462,11016425270.6953,21723437010.0982,22915960976.066,23725951011.6612,23659695751.3327,24719771866.935,23936789892.3901,23814388292.8563,25173614536.9108,25937811150.4123,..
GDP (constant 2015 US$),NY.GDP.MKTP.KD,Paraguay,PRY,16384218445.3751,20783433276.2554,36211447840.0971,37756961788.4686,39573101423.9502,40841122661.179,40677000526.59,40343536418.7875,41964030301.4424,42037903094.7486,44019622007.0359,..
GDP (constant 2015 US$),NY.GDP.MKTP.KD,Peru,PER,59592279647.2189,87409379264.7108,189802976285.619,197306492869.139,202276318741.548,210305376512.78,215017545590.315,191509018299.917,217085487224.893,223002152647.317,221775234260.737,..
GDP (constant 2015 US$),NY.GDP.MKTP.KD,Philippines,PHL,107109108274.656,142796015298.758,306445871246.718,328355086282.447,351113338977.942,373379140707.047,396224439244.72,358510629282.922,378998555004.406,407730367724.121,430342487096.573,..
GDP (constant 2015 US$),NY.GDP.MKTP.KD,Poland,POL,194797367584.792,283174187558.032,480054118583.367,494605411858.337,520089746650.75,552573816155.989,577884228677.544,566120997479.772,605337233054.782,637150470884.733,638035044435.602,..
GDP (constant 2015 US$),NY.GDP.MKTP.KD,Portugal,PRT,145687643482.991,193677420074.374,199038523119.639,203027535953.584,209757331881.699,215937375267.637,221866334776.915,203663018337.793,214984151691.324,230002604720.83,235813117071.956,..
GDP (constant 2015 US$),NY.GDP.MKTP.KD,Puerto Rico,PRI,66260903262.1266,99578589154.2144,103375500000,102069149649.478,99124231779.4147,94801000739.6964,96389357184.3707,92359439312.9166,92715228856.7798,96023410438.3396,96564521010.4364,..
GDP (constant 2015 US$),NY.GDP.MKTP.KD,Qatar,QAT,17662217767.0013,33690629183.4261,161739955576.923,166695978169.384,164199531361.81,166227185730.265,167371229308.421,161416823761.21,164042828071.657,170908036360.673,172936988054.474,..
GDP (constant 2015 US$),NY.GDP.MKTP.KD,Romania,ROU,116460149704.559,102548872691.521,177885131240.315,182972525962.275,197967999561.02,210085482250.697,218327690029.17,210305491425.986,221968423307.804,230770154206.928,236318495899.176,..
GDP (constant 2015 US$),NY.GDP.MKTP.KD,Russian Federation,RUS,1161488648465.81,780432873752.842,1363482182197.71,1366123111808.03,1391065651845.68,1430116278515.49,1461551317106.21,1422766794794.99,1502645054025.01,1471544636157.84,1524520243059.52,..
GDP (constant 2015 US$),NY.GDP.MKTP.KD,Rwanda,RWA,2715732445.31041,2738155541.5697,8543759677.58157,9053885803.07051,9408632525.21082,10209915630.628,11174485687.4325,10797493464.6628,11969881824.1057,12946352833.8838,14013299016.87,..
GDP (constant 2015 US$),NY.GDP.MKTP.KD,Samoa,WSM,428373059.396072,535129944.383763,824150498.653536,889949544.378272,902464748.18719,896962897.99084,936894420.746212,907771582.239524,843511966.584963,798752767.864439,867318434.065608,..
GDP (constant 2015 US$),NY.GDP.MKTP.KD,San Marino,SMR,..,1495569701.92883,1419401070.56043,1452677592.44342,1456429357.00178,1478187032.62147,1508721722.60406,1408423247.99647,1604162946.37945,1730866817.58497,..,..
GDP (constant 2015 US$),NY.GDP.MKTP.KD,Sao Tome and Principe,STP,118982019.506696,138248376.950013,259999643.047388,273459368.754364,284706696.977306,297171520.830854,303157496.465873,311114954.79799,317023957.753826,317558772.390522,318740893.733006,..
GDP (constant 2015 US$),NY.GDP.MKTP.KD,Saudi Arabia,SAU,271021313811.693,353688942928.509,669484266666.667,682100649038.503,688314917831.272,710335673015.193,718133267432.91,692413074096.449,727553801683.839,782018364988.948,776114792530.154,..
GDP (constant 2015 US$),NY.GDP.MKTP.KD,Senegal,SEN,7649320651.26936,10450471990.9721,17774766696.1759,18904543055.8656,20304894471.3123,21565674310.7132,22560634320.127,22863414676.2849,24359596784.117,25291561739.5407,26450942459.8508,..
GDP (constant 2015 US$),NY.GDP.MKTP.KD,Serbia,SRB,..,26625556358.9016,41297410634.9586,42526090284.3724,43531149259.9687,45555064902.5834,47719025212.1981,47265683024.0045,51022858874.9258,52365263375.3114,54380001764.6988,..
GDP (constant 2015 US$),NY.GDP.MKTP.KD,Seychelles,SYC,610261194.745671,949537227.205275,1432403352.12944,1605975218.58763,1717657339.98638,1802500555.76177,1901895701.03715,1678615792.63838,1687886479.31967,1940678727.9853,2002037445.91069,..
GDP (constant 2015 US$),NY.GDP.MKTP.KD,Sierra Leone,SLE,3718634566.78542,2872713810.81546,6651626733.64854,7073787380.15982,7339323438.18805,7594210994.17229,8012098354.41336,7911678797.22327,8378218842.36525,8823400076.25081,9327218152.76882,..
GDP (constant 2015 US$),NY.GDP.MKTP.KD,Singapore,SGP,70914989180.4411,140533304238.721,307998545269.398,319051515647.446,333450075464.15,345177895368.501,349820740821.559,336283381521.284,368871820049.825,383029403742.294,387147091448.002,..
GDP (constant 2015 US$),NY.GDP.MKTP.KD,Sint Maarten (Dutch part),SXM,..,..,1417888715.0838,1431610451.70303,1323735540.53767,1232967219.66025,1368162086.82719,1185966832.34776,1240255611.86927,1361800675.61738,1413549101.29084,..
GDP (constant 2015 US$),NY.GDP.MKTP.KD,Slovak Republic,SVK,45559569455.0707,48483456571.093,89178548717.3324,90915585456.2015,93529165116.4867,97328432384.4156,99543529380.5199,96969818956.4464,102523269375.456,102984289733.717,104403760583.519,..
GDP (constant 2015 US$),NY.GDP.MKTP.KD,Slovenia,SVN,27206132491.6917,32113424895.0762,42709468274.8137,44005450339.8887,46282470359.9316,48309217557.2363,50002577211.6531,47959972856.1156,51983646872.7637,53386808992.5859,54514654364.7027,..
GDP (constant 2015 US$),NY.GDP.MKTP.KD,Solomon Islands,SLB,598487271.260648,769821323.862413,1307909887.55212,1380560770.50796,1423017819.02535,1462093823.20911,1487659506.79743,1437359543.96514,1474218469.89734,1509636294.96603,1556129617.89488,..
GDP (constant 2015 US$),NY.GDP.MKTP.KD,Somalia,SOM,1837281436.22137,2059706563.17761,6152149080.00168,6584944952.93181,7555288951.85635,7710498375.1823,7928267011.33294,7710042965.10265,7976673824.29041,8194206836.48436,8539706089.18596,..
GDP (constant 2015 US$),NY.GDP.MKTP.KD,South Africa,ZAF,185160422891.731,221691970228.101,346709790458.563,349013858372.625,353055253707.071,358551560868.533,359483563936.676,337307318679.639,354021006263.537,360788046853.641,363308097945.479,..
GDP (constant 2015 US$),NY.GDP.MKTP.KD,South Sudan,SSD,..,..,11997800760.2242,..,..,..,..,..,..,..,..,..
GDP (constant 2015 US$),NY.GDP.MKTP.KD,Spain,ESP,745271992193.864,977964704117.097,1206164777553.12,1241326362774.56,1277275696600.78,1307871701738.56,1333521400772.79,1187633217272.88,1267004457572.21,1345296618919.51,1381292229418.88,..
GDP (constant 2015 US$),NY.GDP.MKTP.KD,Sri Lanka,LKA,22720369186.6898,37777691762.3618,85140955388.8509,89443659904.1523,95222329687.4117,97422045729.8334,97207245817.5168,92711882117.9928,96612712766.2867,89514778451.9202,87457719388.6615,..
GDP (constant 2015 US$),NY.GDP.MKTP.KD,St. Kitts and Nevis,KNA,409858640.19708,635237944.035906,957222222.222222,994866931.117104,997065001.528822,1017041453.06618,1045836615.95477,885254137.279024,889500509.777815,983101307.730931,1005564662.29904,..
GDP (constant 2015 US$),NY.GDP.MKTP.KD,St. Lucia,LCA,1160541716.54569,1459101469.16558,1807629629.62963,1869596925.8571,1932815003.72699,1988599864.97905,1974662583.82062,1493611964.14476,1666863089.92952,2006682593.86665,2051031737.24513,..
GDP (constant 2015 US$),NY.GDP.MKTP.KD,St. Martin (French part),MAF,..,..,..,..,..,..,..,..,..,..,..,..
GDP (constant 2015 US$),NY.GDP.MKTP.KD,St. Vincent and the Grenadines,VCT,422757077.335127,574859123.246213,786555555.555555,819165611.528601,831033933.84893,857424342.542456,863098154.725852,830825654.667515,837088394.191465,897022524.154038,950988378.262938,..
GDP (constant 2015 US$),NY.GDP.MKTP.KD,Sudan,SDN,20456015800.8977,37610270337.133,51726758676.7677,53520457581.1072,53900054790.1369,52455031754.9093,51312429477.3951,49449890489.355,48525909156.8784,48061119947.9824,38395271297.9345,..
GDP (constant 2015 US$),NY.GDP.MKTP.KD,Suriname,SUR,2670873906.35377,2921018934.53474,5126237646.22072,4874454256.1508,4950790053.58146,5195768566.26648,5256433828.6406,4416708447.1504,4309144555.20541,4412832154.84564,4524898973.18059,..
GDP (constant 2015 US$),NY.GDP.MKTP.KD,Sweden,SWE,298728338303.953,368734580231.656,501698263620.663,513486872435.55,522858808973.771,532808626955.913,546393370671.191,535436339492.279,567227918052.988,575505409872.88,573717486152.92,..
GDP (constant 2015 US$),NY.GDP.MKTP.KD,Switzerland,CHE,470515127240.656,529837997852.025,694118186379.628,708477337578.722,718132463597.499,738674253452.249,747109782866.389,731108654673.334,770529214794.414,790318933740.326,795978145781.87,..
GDP (constant 2015 US$),NY.GDP.MKTP.KD,Syrian Arab Republic,SYR,11722376106.9772,20770487869.9399,16466863117.0009,15412063258.1149,15300590613.0367,15513754781.2974,15703131995.8402,15593656903.8252,15882796969.6273,15999183136.0334,..,..
GDP (constant 2015 US$),NY.GDP.MKTP.KD,Tajikistan,TJK,7088296320.45359,2699528109.30372,8271431485.07484,8842160257.54501,9469953672.84779,10189670046.8255,10943705646.9105,11425228817.4554,12499200274.9255,13499136339.2248,14619564549.6174,..
GDP (constant 2015 US$),NY.GDP.MKTP.KD,Tanzania,TZA,13747792168.7767,18486481203.1543,47413919817.124,50669888784.2555,54096327104.7372,57054358529.8858,60363511324.6004,61565931105.4141,64226431583.1539,67159014151.451,70563656177.7408,..
GDP (constant 2015 US$),NY.GDP.MKTP.KD,Thailand,THA,144044991708.439,221454615181.944,401296238228.084,415081396923.293,432422173710.333,450682801200.339,460212749509.626,432369701127.278,439150043937.792,449965296578.7,458457299263.157,..
GDP (constant 2015 US$),NY.GDP.MKTP.KD,Timor-Leste,TLS,481437140.726311,832683747.639253,1590282400,1638148796.99007,1586016100.26827,1578617300.73352,1960846076.69825,2582939037.57985,2721465328.86905,2161272264.09507,1769696988.71807,..
GDP (constant 2015 US$),NY.GDP.MKTP.KD,Togo,TGO,2813623794.87191,3492826652.71696,5755461035.38026,5998047709.85307,6238457455.15971,6537595250.07312,6859436220.97836,6996086823.90934,7415213717.65264,7842296104.31507,8344824333.95103,..
GDP (constant 2015 US$),NY.GDP.MKTP.KD,Tonga,TON,297867390.399645,397019684.968443,437525514.240726,466396529.430219,481332022.49063,484641423.615719,483631249.208267,492256304.384567,494041235.450787,482629574.435204,..,..
GDP (constant 2015 US$),NY.GDP.MKTP.KD,Trinidad and Tobago,TTO,7589242845.45827,13233522880.1935,27026750552.9647,24992409898.01,23792567178.5874,23649225326.253,23734663451.5336,21580059922.3205,21356182724.5042,21672731505.4364,21964809529.1277,..
GDP (constant 2015 US$),NY.GDP.MKTP.KD,Tunisia,TUN,17601950274.6977,27972151936.7461,45779494041.9295,46291045987.6341,47326964919.9643,48569264671.6842,49340470115.969,44893939452.6941,47020260421.799,48277261609.9968,48296165328.5233,..
GDP (constant 2015 US$),NY.GDP.MKTP.KD,Turkiye,TUR,288739518672.102,413825489994.336,864313810469.009,893035686216.222,960031200973.599,988958576886.064,997053346501.186,1015597272884.83,1131775463573.96,1194401442556.95,1255449309088.75,..
GDP (constant 2015 US$),NY.GDP.MKTP.KD,Turkmenistan,TKM,13145978551.505,10334005228.0022,35799714285.7143,38019296559.4106,40490550853.5767,43000964982.7593,45710025794.8484,48406917338.9257,51408146222.3962,54595451255.3951,58035050718.9991,..
GDP (constant 2015 US$),NY.GDP.MKTP.KD,Turks and Caicos Islands,TCA,..,..,942070000,1010381196.60485,985121666.689726,1040392839.71121,1095647325.71769,802200837.955771,874603454.301532,928828863.968529,939974780.106825,..
GDP (constant 2015 US$),NY.GDP.MKTP.KD,Tuvalu,TUV,21562114.2966709,29171722.9332692,36811936.0824587,38895630.5776922,39847948.4184971,40400752.5680826,45984984.3588252,44019157.5155388,44813322.9441554,45116847.7756278,46855113.8352982,..
GDP (constant 2015 US$),NY.GDP.MKTP.KD,Uganda,UGA,6498038178.89001,12220817656.1968,32387183730.1002,33935615078.9833,34998276801.8745,37204541496.6985,39600047064.28,40768765796.4748,42210585952.7826,44147216889.624,46503341915.459,..
GDP (constant 2015 US$),NY.GDP.MKTP.KD,Ukraine,UKR,161487959612.736,69836368849.085,91030967789.0717,93253017276.778,95453762635.7013,98783535745.5861,101944118787.095,98118341609.8448,101499127456.662,72309415411.3627,76159411195.0331,..
GDP (constant 2015 US$),NY.GDP.MKTP.KD,United Arab Emirates,ARE,127141173333.666,200410321454.247,370275469560.166,390868305567.669,393741456191.578,398914879841.349,403336245487.99,383342656303.629,400036290943.156,430077804411.91,445641058027.777,..
GDP (constant 2015 US$),NY.GDP.MKTP.KD,United Kingdom,GBR,1767597683034.66,2292208338906.25,2927911140916.73,2984177104376.02,3063451915172.53,3106499243290.97,3156963551827.52,2831893576021.77,3074755378779.19,3223545409624.7,3234504373105.3,..
GDP (constant 2015 US$),NY.GDP.MKTP.KD,United States,USA,9785238028000,13717679619000,18295019000000,18627887993000,19085691122935.2,19651869117582.5,20159639089698.1,19723580221938.2,20917853444668.3,21443388432051,22062578283266.8,..
GDP (constant 2015 US$),NY.GDP.MKTP.KD,Uruguay,URY,25829737832.144,36242902749.5716,57680327998.6689,58655009122.8718,59675827109.951,59774159541.437,60329073569.2244,55876702366.166,58984504648.2777,61761057234.7987,61988013788.3355,..
GDP (constant 2015 US$),NY.GDP.MKTP.KD,Uzbekistan,UZB,32109736981.4604,31472652298.5317,86196264755.3105,91309557164.4951,95322862968.4681,100622047495.594,107444145839.555,109123866128.119,117891622986.77,124966702851.244,132828878427.498,..
GDP (constant 2015 US$),NY.GDP.MKTP.KD,Vanuatu,VUT,387020184.812909,524670620.985493,730870802.967051,765139554.265375,813475756.525391,837068426.676114,864199385.188828,821054304.95471,808309120.924144,823796784.515562,842026927.667832,..
GDP (constant 2015 US$),NY.GDP.MKTP.KD,"Venezuela, RB",VEN,..,..,..,..,..,..,..,..,..,..,..,..
GDP (constant 2015 US$),NY.GDP.MKTP.KD,Viet Nam,VNM,45057981854.8071,93525828108.839,239258328381.741,255264731908.124,272980590259.187,293358610036.841,314947640805.601,323972192107.065,332245562394.77,359235578724.112,377364153384.169,..
GDP (constant 2015 US$),NY.GDP.MKTP.KD,Virgin Islands (U.S.),VIR,..,..,3663000000,3721639274.27962,3694274279.6158,3763664087.51334,3873124066.16862,3810575506.93703,3950332443.97012,3898534418.35646,..,..
GDP (constant 2015 US$),NY.GDP.MKTP.KD,West Bank and Gaza,PSE,..,7118400000,13972400000,15211000000,15426900000,15616200000,15829000000,14037400000,15021700000,15635000000,14789000000,..
GDP (constant 2015 US$),NY.GDP.MKTP.KD,"Yemen, Rep.",YEM,23917787678.6586,41498240441.1419,42444489522.2303,38465266075.7658,36514386388.4674,36789138007.9667,..,..,..,..,..,..
GDP (constant 2015 US$),NY.GDP.MKTP.KD,Zambia,ZMB,6840844039.47996,8059030210.46366,21251216798.7762,22049221308.1088,22826646593.6169,23747586257.2512,24089861649.0155,23418945736.8993,24879098747.8861,26175604214.1895,27580695690.34,..
GDP (constant 2015 US$),NY.GDP.MKTP.KD,Zimbabwe,ZWE,16673492752.1493,19841017281.7391,19963120600,20142979412.3173,20964866130.3334,22015177994.7607,20621078646.8294,19009139106.1662,20618836217.7637,21884680855.3787,23052607292.3638,..
GDP (constant 2015 US$),NY.GDP.MKTP.KD,Africa Eastern and Southern,AFE,399493845643.486,486126929267.789,898277807343.005,917992857347,942636770833.106,967773422990.44,989009454513.18,960681330778.443,1004645882051.53,1040349774688.04,1064487323079.33,..
GDP (constant 2015 US$),NY.GDP.MKTP.KD,Africa Western and Central,AFW,261338873733.521,323300981738.909,771766914345.161,773007777373.463,790708189694.781,813201903750.811,839491928524.291,831063479599.043,864618743927.334,897385026208.953,927489896195.979,..
GDP (constant 2015 US$),NY.GDP.MKTP.KD,Arab World,ARB,953797428467.387,1402269870797.04,2544700996740.79,2636674297888.85,2677219844271.11,2747631798003.31,2791146445688.45,2659633647264.58,2766846308188.48,2925149568927.99,2955008072441.98,..
GDP (constant 2015 US$),NY.GDP.MKTP.KD,Caribbean small states,CSS,21953469414.1091,27747004119.4641,35085992997.3327,35224239140.7815,35880521656.4584,36877637380.2445,37266728870.6855,33688259724.7374,37206309803.7798,45788913937.5777,51538918459.9615,..
GDP (constant 2015 US$),NY.GDP.MKTP.KD,Central Europe and the Baltics,CEB,747357310944.273,807932869778.156,1297123697168.52,1333237571352.72,1401517693351.45,1472164889716.28,1531139709524.93,1480167019635.12,1576853751533.48,1640988150473.12,1651487698948.26,..
GDP (constant 2015 US$),NY.GDP.MKTP.KD,Early-demographic dividend,EAR,3772309155616.74,5462844835921.88,10246602222996.3,10699430921435.3,11196023590939.2,11626230323429.6,11900312123754.3,11403343729596.5,12248199938872.3,12924390685229.3,13481834133566.2,..
GDP (constant 2015 US$),NY.GDP.MKTP.KD,East Asia & Pacific,EAS,6721306783848.67,10273109684539.2,22000917165875.9,23026065210163.8,24189505177913.7,25340924107871.4,26344909932430.3,26309597562927.9,27946159763215.4,28747868647942.8,29927723041225.9,..
GDP (constant 2015 US$),NY.GDP.MKTP.KD,East Asia & Pacific (excluding high income),EAP,1702405304400.64,3823792335593.46,13329363887708.5,14204650765829.9,15157757098426.4,16147246028619.1,17081248187829.1,17293683902859,18608405143397.5,19238524792111.2,20221122607038.4,..
GDP (constant 2015 US$),NY.GDP.MKTP.KD,East Asia & Pacific (IDA & IBRD countries),TEA,1700681729358.16,3819287443495.18,13312998658413,14187189500890.3,15139085335407.9,16127331736943.4,17060169194075,17272323897480.7,18585366744544.1,19214695642285.2,20196064924249.8,..
GDP (constant 2015 US$),NY.GDP.MKTP.KD,Euro area,EMU,8074057958810.69,10050398133574.7,11828599572765.4,12044172080940.9,12357018842215.9,12575550971089.4,12780330570620.4,12007290120801.2,12771092524492.2,13223961016884.5,13277044442520.6,..
GDP (constant 2015 US$),NY.GDP.MKTP.KD,Europe & Central Asia,ECS,13507865861308,15966173596452.6,20583236057318.3,20970219841563.2,21573000315957,22030706426596.1,22439576510417.5,21225512851728.8,22657010856694.6,23392327133708.6,23630026939259.3,..
GDP (constant 2015 US$),NY.GDP.MKTP.KD,Europe & Central Asia (excluding high income),ECA,737404845098.294,705691749354.704,1509288407449.5,1551185796651.4,1641541930861.36,1698995210945.64,1738193065542.9,1743268489213.33,1900944480354.76,1959943174348.6,2058774213973.77,..
GDP (constant 2015 US$),NY.GDP.MKTP.KD,Europe & Central Asia (IDA & IBRD countries),TEC,2298747283395.41,1941953299697.98,3632527035829.26,3700007289233.98,3858954641110.18,4003014497689.06,4111028773128.14,4050887163670.15,4350328682754.02,4425605811352.67,4587133497442.34,..
GDP (constant 2015 US$),NY.GDP.MKTP.KD,European Union,EUU,9137081390856.05,11318534007345.5,13655089869785.3,13920536464164.8,14309680304964.5,14603024724373.1,14876936810776.6,14047261785039.8,14940354568036.3,15462923840803,15529080146569.1,..
GDP (constant 2015 US$),NY.GDP.MKTP.KD,Fragile and conflict affected situations,FCS,774153639005.584,849068369099.344,1616325901440.2,1651350417930.8,1693690009593.13,1739679566858.29,1779581892529.49,1689525734164.81,1731373741969.25,1750397023337.34,1782121594449.61,..
GDP (constant 2015 US$),NY.GDP.MKTP.KD,Heavily indebted poor countries (HIPC),HPC,254792595298.779,324304359749.099,668868898578.296,698653681598.307,733884983902.042,764572407748.71,798400221250.031,800259428063.149,834398903187.804,874541820600.685,909360092640.477,..
GDP (constant 2015 US$),NY.GDP.MKTP.KD,High income,HIC,29273404248944.4,37837833221211.7,49875503824324.9,50785141188183.5,52036148520657.3,53266571470321.4,54281884301810.9,52182339286318.7,55197692751535,56797832930107.1,57808823390117.1,..
GDP (constant 2015 US$),NY.GDP.MKTP.KD,IBRD only,IBD,7584208258058.57,10912155146685.7,25841079101004.8,27018893017450.8,28435412929750.1,29840625313482.5,31024737311356.9,30613187333401.1,32921657570920.8,34094157743972.6,35651588365762.6,..
GDP (constant 2015 US$),NY.GDP.MKTP.KD,IDA & IBRD total,IBT,8352845058951.13,11929010509476,28002742765817.7,29250666389661.2,30755640597613.4,32261435108945.3,33542019705130.6,33108820901972.6,35527901834613.5,36812974784647.2,38456511205441.6,..
GDP (constant 2015 US$),NY.GDP.MKTP.KD,IDA blend,IDB,382337879697.624,479763316584.449,1058990581097.27,1080829686243.24,1108423334711.74,1150767711820.28,1183467656974.19,1165437288363.04,1225717563837.4,1277886637363.26,1310220490708.8,..
GDP (constant 2015 US$),NY.GDP.MKTP.KD,IDA only,IDX,385952170373.715,536922489952.14,1101364851760.27,1149843339500.41,1210915072671.71,1269241407553.99,1332978410920.52,1329260497101.34,1380250670870.17,1440458603669.3,1494452998921.59,..
GDP (constant 2015 US$),NY.GDP.MKTP.KD,IDA total,IDA,768994168227.25,1016456097558.95,2160355432857.54,2230673025743.64,2319338407383.46,2420009119374.27,2516446067894.71,2494697785464.39,2605968234707.56,2718345241032.56,2804581327506.95,..
GDP (constant 2015 US$),NY.GDP.MKTP.KD,Late-demographic dividend,LTE,4726978084537.34,7028541425550.29,18565287346572.2,19393865189738,20425186142908.9,21532721290884.5,22535207616234.4,22583104666690.4,24272323323055.3,25034943849253.5,26073749135031.8,..
GDP (constant 2015 US$),NY.GDP.MKTP.KD,Latin America & Caribbean,LCN,2605184904263.39,3585254812815.33,5420625373878.58,5402323123763.81,5504542134802.01,5591210718542.45,5629438837084.22,5258223388020.69,5628872798112.74,5851974044642.51,5974188199723.26,..
GDP (constant 2015 US$),NY.GDP.MKTP.KD,Latin America & Caribbean (excluding high income),LAC,2268790735754.31,3076786557824.42,4634562623756.21,4612148668023.2,4705197663590.91,4778851211756.39,4808839650674.39,4497709887570.09,4806394585288.23,4991404194814.04,5094832724705.94,..
GDP (constant 2015 US$),NY.GDP.MKTP.KD,Latin America & the Caribbean (IDA & IBRD countries),TLA,2462636200830.45,3409430284092.01,5197174644055.66,5179543837807.33,5282803532188.65,5371414263252.33,5407995749573.59,5056032505571.43,5422918139380.32,5639186879688.64,5761673098749.85,..
GDP (constant 2015 US$),NY.GDP.MKTP.KD,Least developed countries: UN classification,LDC,310092587307.693,423167491175.065,928290888606.707,962903373259.473,1006761000386.5,1053147029448.96,1106604301203.81,1105357831734.07,1136640339791.24,1189385426762.52,1230193966737.58,..
GDP (constant 2015 US$),NY.GDP.MKTP.KD,Low & middle income,LMY,6647473844232.65,10427512431296.2,25336686257692.4,26543474010264.6,27961577337064.8,29356984994689.4,30552777487046,30210672843723.6,32427441683196.7,33664644890385.3,35217076189636,..
GDP (constant 2015 US$),NY.GDP.MKTP.KD,Low income,LIC,172250047011.316,232384864913.512,417756953873.849,426318507337.121,439594337732.543,454537993853.636,474081737618.703,475602794987.658,485946125646.535,503780277751.377,515060189857.047,..
GDP (constant 2015 US$),NY.GDP.MKTP.KD,Lower middle income,LMC,1447057308205.44,2175258755731.17,5089665684079.03,5379808124885.27,5673767311022.84,5982516241313,6226615757545.93,6002516344310.31,6402342783987.56,6775936832420.71,7151756621411.38,..
GDP (constant 2015 US$),NY.GDP.MKTP.KD,Middle East & North Africa,MEA,1223759341593.84,1807925700586.44,3202944332228.42,3342335108032.82,3408416364620.88,3485735767676.25,3529708730323.6,3409074242558.29,3572796770831.09,3774102885461.08,3848726223210.52,..
GDP (constant 2015 US$),NY.GDP.MKTP.KD,Middle East & North Africa (excluding high income),MNA,628009437918.296,906085491097.058,1461561543238.17,1540538175294.95,1588629234117.7,1617467226486.63,1632107094867.26,1579546429240.61,1647989185202.72,1715655860647.3,1769717497183.51,..
GDP (constant 2015 US$),NY.GDP.MKTP.KD,Middle East & North Africa (IDA & IBRD countries),TMN,623360741202.29,898969273202.82,1447589143238.17,1525327175294.95,1573202334117.7,1601851026486.63,1616278094867.26,1565509029240.61,1632967485202.72,1700020860647.3,1754941215333.7,..
GDP (constant 2015 US$),NY.GDP.MKTP.KD,Middle income,MIC,6480809895766.26,10199160615624.2,24920281496336.6,26118091081809.8,27522565436066.8,28902761731819.7,30079066968466.6,29735726897353,31941158687704.2,33160484927473.3,34700732105673.6,..
GDP (constant 2015 US$),NY.GDP.MKTP.KD,North America,NAC,10668190145468.4,14887619188715.7,19858182357217.1,20207172753017.1,20712926958238.1,21323521911163.3,21863084972713.5,21341079073392.8,22620877183850,23211640827497.6,23852818786502.6,..
GDP (constant 2015 US$),NY.GDP.MKTP.KD,Not classified,INX,..,..,..,..,..,..,..,..,..,..,..,..
GDP (constant 2015 US$),NY.GDP.MKTP.KD,OECD members,OED,27941746748138.5,36782623284293.6,47636457096446.7,48513896957648.5,49761149989173.4,50924208881972.3,51870498190993,49848647098814.7,52800277379962.5,54401582671069.4,55392228453809.7,..
GDP (constant 2015 US$),NY.GDP.MKTP.KD,Other small states,OSS,71673983049.4689,97442571684.6864,153632608575.652,159874357739.512,168085591324.408,174690484630.332,181405976582.582,170768656630.678,182882529288.149,191819718347.122,197385978553.433,..
GDP (constant 2015 US$),NY.GDP.MKTP.KD,Pacific island small states,PSS,5274585963.17699,6483423509.28053,9074649391.96106,9414676782.0874,9793644911.24268,10064732617.6795,10180684944.6996,9147952341.93799,8901183466.72282,9715268608.62924,10240406136.5469,..
GDP (constant 2015 US$),NY.GDP.MKTP.KD,Post-demographic dividend,PST,26850041254876.1,34954791299992.1,44758282965210.1,45560213468112.6,46673359981671.5,47721060029590.7,48597410414052.2,46615245080156.8,49244517990855.6,50579346304791.6,51518547451179.3,..
GDP (constant 2015 US$),NY.GDP.MKTP.KD,Pre-demographic dividend,PRE,470958706593.38,599553606400.923,1307394890871.02,1338843967915.49,1360801848971.21,1395961418282.44,1442199704518.21,1405291911038.6,1450205801511.39,1510362701048.16,1542591926809.2,..
GDP (constant 2015 US$),NY.GDP.MKTP.KD,Small states,SST,99010566857.681,131734861337.666,197793250964.946,204513273662.381,213759757892.109,221632854628.255,228853390397.967,213604868697.353,228990022558.652,247323900893.329,259198177241.786,..
GDP (constant 2015 US$),NY.GDP.MKTP.KD,South Asia,SAS,664758250498.034,1106736038227.95,2733651859001.15,2946228920258.47,3137776775047.06,3336545179403.38,3467482076840.22,3308577712615.25,3598528699130.5,3825711146764.84,4085038610417.73,..
GDP (constant 2015 US$),NY.GDP.MKTP.KD,South Asia (IDA & IBRD),TSA,664758250498.034,1106736038227.95,2733651859001.15,2946228920258.47,3137776775047.06,3336545179403.38,3467482076840.22,3308577712615.25,3598528699130.5,3825711146764.84,4085038610417.73,..
GDP (constant 2015 US$),NY.GDP.MKTP.KD,Sub-Saharan Africa,SSF,660205181628.83,808785810150.041,1670044721688.17,1691000634720.46,1733344960527.89,1780975326741.25,1828501383037.47,1791744810377.49,1869264625978.87,1937734800897,1991977219275.31,..
GDP (constant 2015 US$),NY.GDP.MKTP.KD,Sub-Saharan Africa (excluding high income),SSA,659594432577.598,807832214180.936,1668612318336.04,1689394659501.88,1731627303187.9,1779172826185.49,1826599487336.43,1790066194584.85,1867576739499.55,1935794122169.01,1989975181829.4,..
GDP (constant 2015 US$),NY.GDP.MKTP.KD,Sub-Saharan Africa (IDA & IBRD countries),TSS,660205181628.83,808785810150.041,1670044721688.17,1691000634720.46,1733344960527.89,1780975326741.25,1828501383037.47,1791744810377.49,1869264625978.87,1937734800897,1991977219275.31,..
GDP (constant 2015 US$),NY.GDP.MKTP.KD,Upper middle income,UMC,5033732207325.25,8023928182257.55,19830615812257.5,20738282956924.6,21848798125044,22920245490506.7,23852451210920.7,23733210553042.7,25538815903716.6,26384548095052.6,27548975484262.2,..
GDP (constant 2015 US$),NY.GDP.MKTP.KD,World,WLD,36053259768502.3,48437263200388,75472473882835.1,77596070030857.1,80274256581671.8,82909015820695.8,85127633137500.8,82677384726296.4,87927472715845.1,90774582977538.7,93346688686736.8,..
,,,,,,,,,,,,,,,
,,,,,,,,,,,,,,,
,,,,,,,,,,,,,,,
Data from database: World Development Indicators,,,,,,,,,,,,,,,
Last Updated: 04/15/2025,,,,,,,,,,,,,,,
